user_id,result
2000001563151338,1
2000001563163750,1
2000001563266119,1
2000001566046975,1
2000001566153564,1
2000001568947583,1
2000001569852746,1
2000001569870868,1
2000001569947465,1
2000001569957403,1
2000001569960123,1
2000001570146053,1
2000001570945548,1
2000001570948072,1
2000001572158707,1
2000001574249264,1
2000001576571971,1
2000001577232118,1
2000001577274890,1
2000001577291369,1
2000001577311518,1
2000001577312900,1
2000001577748309,1
2000001577893169,1
2000001578008099,1
2000001578011432,1
2000001578102890,1
2000001578257492,1
2000001579146755,1
2000001579161530,1
2000001579565441,1
2000001579646725,1
2000001580253098,1
2000001580356603,1
2000001581866983,1
2000001582445552,1
2000001582452436,1
2000001582572688,1
2000001582867795,1
2000001584178413,1
2000001584753083,1
2000001586446015,1
2000001587053775,1
2000001588357106,1
2000001589366243,1
2000001589656824,1
2000001590089590,1
2000001590194561,1
2000001590856004,1
2000001590989660,1
2000001591002582,1
2000001591027088,1
2000001591046901,1
2000001591105430,1
2000001591140787,1
2000001592020032,1
2000001592659628,1
2000001593589064,1
2000001593597482,1
2000001593615497,1
2000001593634165,1
2000001593676916,1
2000001593705308,1
2000001593854617,1
2000001593885075,1
2000001594853288,1
2000001595087785,1
2000001595249583,1
2000001595549244,1
2000001595607557,1
2000001595690853,1
2000001596948331,1
2000001599548994,1
2000001600455903,1
2000001600469980,1
2000001601645392,1
2000001601846111,1
2000001602447899,1
2000001603351511,1
2000001606049014,1
2000001606052158,1
2000001606082652,1
2000001606351041,1
2000001606753490,1
2000001608456977,1
2000001613157348,1
2000001619045709,1
2000001620045943,1
2000001620352236,1
2000001626577031,1
2000001627552162,1
2000001627645663,1
2000001631980172,1
2000001631983694,1
2000001635550084,1
2000001635984594,1
2000001638450950,1
2000001638555908,1
2000001639480120,1
2000001639504373,1
2000001639532170,1
2000001640956485,1
2000001643282232,1
2000001650457018,1
2000001652367003,1
2000001652389754,1
2000001652400389,1
2000001652849032,1
2000001652849465,1
2000001652856872,1
2000001652865227,1
2000001652873105,1
2000001652879141,1
2000001652879189,1
2000001652879755,1
2000001652880153,1
2000001652888573,1
2000001653249993,1
2000001654568233,1
2000001656555213,1
2000001657569023,1
2000001658977364,1
2000001659692826,1
2000001664676696,1
2000001665447276,1
2000001665497817,1
2000001666547031,1
2000001668778305,1
2000001669243040,1
2000001669725275,1
2000001669765075,1
2000001670790167,1
2000001672448569,1
2000001672840196,1
2000001672864737,1
2000001676435137,1
2000001676577826,1
2000001677348415,1
2000001678065851,1
2000001679191233,1
2000001680309012,1
2000001685347866,1
2000001685761034,1
2000001687573270,1
2000001687845216,1
2000001688728903,1
2000001689575966,1
2000001689584404,1
2000001691503777,1
2000001695826518,1
2000001695931585,1
2000001699860739,1
2000001699890726,1
2000001700354210,1
2000001701126042,1
2000001704222615,1
2000001705710396,1
2000001705758968,1
2000001706570088,1
2000001708205362,1
2000001711036324,1
2000001713604608,1
2000001718468324,1
2000001720736394,1
2000001721411223,1
2000001724184135,1
2000001724425825,1
2000001729685621,1
2000001732330010,1
2000001745651183,1
2000001746519453,1
2000001751915913,1
2000001751917020,1
2000001752027548,1
2000001763197038,1
2000001770395284,1
2000001779795221,1
2000001784500557,1
2000001784708804,1
2000001785007403,1
2000001785013999,1
2000001801700787,1
2000001824295237,1
2000001826800872,1
2000001832899309,1
2000001843097044,1
2000001857800499,1
2000001865898137,1
2000001871598119,1
2000001878895265,1
2000001886914107,1
2000001887115018,1
2000001887117676,1
2000001889895384,1
2000001892595381,1
2000001893299134,1
2000001896196685,1
2000001902195465,1
2000001902199494,1
2000001904999805,1
2000001915499411,1
2000001916795266,1
2000001916804349,1
2000001917195671,1
2000001922197314,1
2000001938998744,1
2000001940695417,1
2000001941899195,1
2000001941908841,1
2000001948995481,1
2000001956698135,1
2000001956907133,1
2000001969003155,1
2000001970123261,1
2000001973405898,1
2000001977278371,1
2000001977358338,1
2000001982707313,1
2000001984495497,1
2000001986796050,1
2000001988004848,1
2000001988009651,1
2000001998296561,1
2000001998855730,1
2000001998869027,1
2000001998906321,1
2000002001401157,1
2000002002596537,1
2000002004573782,1
2000002006968301,1
2000002054850189,1
2000002064325158,1
2000002067003195,1
2000002155610482,1
2000002155612110,1
2000002157312922,1
2000002157430397,1
2000002177798792,1
2000002177901870,1
2000002181596431,1
2000002181705077,1
2000002186397312,1
2000002186403369,1
2000002192119944,1
2000002193037245,1
2000002193132828,1
2000002194312178,1
2000002194334792,1
2000002194800261,1
2000002194899442,1
2000002198099991,1
2000002199496946,1
2000002199627058,1
2000002199631184,1
2000002203715778,1
2000002206802952,1
2000002206884430,1
2000002206924741,1
2000002206976083,1
2000002210504313,1
2000002215495550,1
2000002217897583,1
2000002217919846,1
2000002219595939,1
2000002225347525,1
2000002225441797,1
2000002231820729,1
2000002231824594,1
2000002234128796,1
2000002235299201,1
2000002241397754,1
2000002241420609,1
2000002252008809,1
2000002253324438,1
2000002253372957,1
2000002253452603,1
2000002253475400,1
2000002254209332,1
2000002257904942,1
2000002260107171,1
2000002261213835,1
2000002262545931,1
2000002262636408,1
2000002262640273,1
2000002268969978,1
2000002271824138,1
2000002271826616,1
2000002272953322,1
2000002273235022,1
2000002276296889,1
2000002276800404,1
2000002279048351,1
2000002282199550,1
2000002282257875,1
2000002282313589,1
2000002282499813,1
2000002282546695,1
2000002283936780,1
2000002284523972,1
2000002286205571,1
2000002288401182,1
2000002288404635,1
2000002288501531,1
2000002291107362,1
2000002291126092,1
2000002293674242,1
2000002293735792,1
2000002297010757,1
2000002297318877,1
2000002299097136,1
2000002300212070,1
2000002302528340,1
2000002304016796,1
2000002304131061,1
2000002306089336,1
2000002310597017,1
2000002310713315,1
2000002310797678,1
2000002314690449,1
2000002314735220,1
2000002319152463,1
2000002319163350,1
2000002323899499,1
2000002326223571,1
2000002338298442,1
2000002339396875,1
2000002339898035,1
2000002343908478,1
2000002344013774,1
2000002345754153,1
2000002346684985,1
2000002350969834,1
2000002351076061,1
2000002352752192,1
2000002352913556,1
2000002352914445,1
2000002352917298,1
2000002352920033,1
2000002352921265,1
2000002352922835,1
2000002352924824,1
2000002352925035,1
2000002352925224,1
2000002352925772,1
2000002353010651,1
2000002353011123,1
2000002353014485,1
2000002353015165,1
2000002353017075,1
2000002353017107,1
2000002353017488,1
2000002353017567,1
2000002353018991,1
2000002353019712,1
2000002353020016,1
2000002353020220,1
2000002353020296,1
2000002353137930,1
2000002353193022,1
2000002353260717,1
2000002355497934,1
2000002355561382,1
2000002355797471,1
2000002355799886,1
2000002355801276,1
2000002355802168,1
2000002355802325,1
2000002355804529,1
2000002355805713,1
2000002355808488,1
2000002355808987,1
2000002355813677,1
2000002355817662,1
2000002355821937,1
2000002355824925,1
2000002355831299,1
2000002355833965,1
2000002355834086,1
2000002355834474,1
2000002355834497,1
2000002355834647,1
2000002355834711,1
2000002355834797,1
2000002355834810,1
2000002355835012,1
2000002355835642,1
2000002355835842,1
2000002355836107,1
2000002355836181,1
2000002355836358,1
2000002355837637,1
2000002355837684,1
2000002355838214,1
2000002355840344,1
2000002355840983,1
2000002355841053,1
2000002355843071,1
2000002355844271,1
2000002355845044,1
2000002355845151,1
2000002355845349,1
2000002355846794,1
2000002355847489,1
2000002355895285,1
2000002355900228,1
2000002355901615,1
2000002355901686,1
2000002355910106,1
2000002355911923,1
2000002355914066,1
2000002355914125,1
2000002355923996,1
2000002355926046,1
2000002355930382,1
2000002355930587,1
2000002355931972,1
2000002355932364,1
2000002355934089,1
2000002355934187,1
2000002355934205,1
2000002355934437,1
2000002355934568,1
2000002355934650,1
2000002355934686,1
2000002355934947,1
2000002355935123,1
2000002355935189,1
2000002355935639,1
2000002355935874,1
2000002355937881,1
2000002355939263,1
2000002355944977,1
2000002355946818,1
2000002356621130,1
2000002356735917,1
2000002356742386,1
2000002357271494,1
2000002357358054,1
2000002357392926,1
2000002358596096,1
2000002358600926,1
2000002358608507,1
2000002358613409,1
2000002358613543,1
2000002358614419,1
2000002358626075,1
2000002358629702,1
2000002358629995,1
2000002358630276,1
2000002358630505,1
2000002358632109,1
2000002358632651,1
2000002358634282,1
2000002358634627,1
2000002358696304,1
2000002358699133,1
2000002358797100,1
2000002358798091,1
2000002358800114,1
2000002358807723,1
2000002358808882,1
2000002358810718,1
2000002358822638,1
2000002358826732,1
2000002358827023,1
2000002358827580,1
2000002358830039,1
2000002358830219,1
2000002358830692,1
2000002358831819,1
2000002358832084,1
2000002358834833,1
2000002358835454,1
2000002358835922,1
2000002358836601,1
2000002359095513,1
2000002359440986,1
2000002359470461,1
2000002359542342,1
2000002359628882,1
2000002359772567,1
2000002360029509,1
2000002360089995,1
2000002360522368,1
2000002361195242,1
2000002361196393,1
2000002361196493,1
2000002361196917,1
2000002361197000,1
2000002361197205,1
2000002361295930,1
2000002361911441,1
2000002362002649,1
2000002362006530,1
2000002362016486,1
2000002362019249,1
2000002362022336,1
2000002362023513,1
2000002362024269,1
2000002362025361,1
2000002362026134,1
2000002362027145,1
2000002362027298,1
2000002362027584,1
2000002362027825,1
2000002362027991,1
2000002362028103,1
2000002362029298,1
2000002362030169,1
2000002362030596,1
2000002362031277,1
2000002362031589,1
2000002362096212,1
2000002362115449,1
2000002362199474,1
2000002362199802,1
2000002362203917,1
2000002362206653,1
2000002362208394,1
2000002362208468,1
2000002362210269,1
2000002362212634,1
2000002362216998,1
2000002362220566,1
2000002362222043,1
2000002362223321,1
2000002362223830,1
2000002362223889,1
2000002362224163,1
2000002362224341,1
2000002362224682,1
2000002362224850,1
2000002362226760,1
2000002362226875,1
2000002362227783,1
2000002362227882,1
2000002362229502,1
2000002362229756,1
2000002362229825,1
2000002362231900,1
2000002362232090,1
2000002362973250,1
2000002362973753,1
2000002363444670,1
2000002363447351,1
2000002363496686,1
2000002363497996,1
2000002363499277,1
2000002363501798,1
2000002363503596,1
2000002363507446,1
2000002363517502,1
2000002363518927,1
2000002363529899,1
2000002363531478,1
2000002363535280,1
2000002363535471,1
2000002363536163,1
2000002363536276,1
2000002363537929,1
2000002363538669,1
2000002363539316,1
2000002363543172,1
2000002363543613,1
2000002363544436,1
2000002363544886,1
2000002363545206,1
2000002363545728,1
2000002363546084,1
2000002363547597,1
2000002363548416,1
2000002363596373,1
2000002363597114,1
2000002363600327,1
2000002363600581,1
2000002363601040,1
2000002363601050,1
2000002363601361,1
2000002363601715,1
2000002363602182,1
2000002363602195,1
2000002363602688,1
2000002363603246,1
2000002363603571,1
2000002363608022,1
2000002363610517,1
2000002363617332,1
2000002363617704,1
2000002363625846,1
2000002363626905,1
2000002363627365,1
2000002363632678,1
2000002363636169,1
2000002363636191,1
2000002363636236,1
2000002363637970,1
2000002363638669,1
2000002363638850,1
2000002363643140,1
2000002364145250,1
2000002364336237,1
2000002364398944,1
2000002364474713,1
2000002365066048,1
2000002365081164,1
2000002365166874,1
2000002365296927,1
2000002365308780,1
2000002365316133,1
2000002365392571,1
2000002365895993,1
2000002365896884,1
2000002365896887,1
2000002365897875,1
2000002365903115,1
2000002365996090,1
2000002365998331,1
2000002366002010,1
2000002366003022,1
2000002366003230,1
2000002366396512,1
2000002366398950,1
2000002366405009,1
2000002366418346,1
2000002366418842,1
2000002366419074,1
2000002366419383,1
2000002366421117,1
2000002366422174,1
2000002366422283,1
2000002366422513,1
2000002366427631,1
2000002366429821,1
2000002366430807,1
2000002366432092,1
2000002366435781,1
2000002366436151,1
2000002366442665,1
2000002366446557,1
2000002366448187,1
2000002366449742,1
2000002366454724,1
2000002366454779,1
2000002366455139,1
2000002366455428,1
2000002366455920,1
2000002366456481,1
2000002366462520,1
2000002366462649,1
2000002366464073,1
2000002366464612,1
2000002366471502,1
2000002366471783,1
2000002366479107,1
2000002366479212,1
2000002366486262,1
2000002366487864,1
2000002366493036,1
2000002366493279,1
2000002366493531,1
2000002366494287,1
2000002366498189,1
2000002366498265,1
2000002366498715,1
2000002366504435,1
2000002366508109,1
2000002366514293,1
2000002366516015,1
2000002366518725,1
2000002366520103,1
2000002366522366,1
2000002366522378,1
2000002366522489,1
2000002366537848,1
2000002366539307,1
2000002366556129,1
2000002366558747,1
2000002366570203,1
2000002366574105,1
2000002366575379,1
2000002366576330,1
2000002366593022,1
2000002366595170,1
2000002366643725,1
2000002366677250,1
2000002366769168,1
2000002366774682,1
2000002366799640,1
2000002366898843,1
2000002367291583,1
2000002367319536,1
2000002367348749,1
2000002367389348,1
2000002367694073,1
2000002367918255,1
2000002368039878,1
2000002368295950,1
2000002368319175,1
2000002368355507,1
2000002368395930,1
2000002368595225,1
2000002368595679,1
2000002368597794,1
2000002368598130,1
2000002368598522,1
2000002368600414,1
2000002368601434,1
2000002368602894,1
2000002368603867,1
2000002368604527,1
2000002368604707,1
2000002368606060,1
2000002368606254,1
2000002368608762,1
2000002368695654,1
2000002368696069,1
2000002368696401,1
2000002368699468,1
2000002368699535,1
2000002368701169,1
2000002368703894,1
2000002368704426,1
2000002368704586,1
2000002368705478,1
2000002368706002,1
2000002368706536,1
2000002368708184,1
2000002368708553,1
2000002368709299,1
2000002368710067,1
2000002368710100,1
2000002370498800,1
2000002370500005,1
2000002370596616,1
2000002370597859,1
2000002371297549,1
2000002371497728,1
2000002371498916,1
2000002371506296,1
2000002371506311,1
2000002371507306,1
2000002371510285,1
2000002371511960,1
2000002371518212,1
2000002371518704,1
2000002371518921,1
2000002371522216,1
2000002371523931,1
2000002371524197,1
2000002371524792,1
2000002371526769,1
2000002371529441,1
2000002371530682,1
2000002371598184,1
2000002371599883,1
2000002371600355,1
2000002371600721,1
2000002371610585,1
2000002371612166,1
2000002371613396,1
2000002371614454,1
2000002371615687,1
2000002371617439,1
2000002371618861,1
2000002371619398,1
2000002371619613,1
2000002371620233,1
2000002371620941,1
2000002371621615,1
2000002371621700,1
2000002371621797,1
2000002371622043,1
2000002371622250,1
2000002371623282,1
2000002371623687,1
2000002371625636,1
2000002371626971,1
2000002371627888,1
2000002371629642,1
2000002371856315,1
2000002372447017,1
2000002372479276,1
2000002372516539,1
2000002373897570,1
2000002374096003,1
2000002374195258,1
2000002374695877,1
2000002374700458,1
2000002374704270,1
2000002374995696,1
2000002375001476,1
2000002375008916,1
2000002375195259,1
2000002375196189,1
2000002375296407,1
2000002376997515,1
2000002377010676,1
2000002377011234,1
2000002377018597,1
2000002377021537,1
2000002377024313,1
2000002377025010,1
2000002377027680,1
2000002377098893,1
2000002377099838,1
2000002377105194,1
2000002377115563,1
2000002377115606,1
2000002377115676,1
2000002377116274,1
2000002377118997,1
2000002377120693,1
2000002377122613,1
2000002377122821,1
2000002377123517,1
2000002377123745,1
2000002377124424,1
2000002377125666,1
2000002377127904,1
2000002377128472,1
2000002378076419,1
2000002378206187,1
2000002378208644,1
2000002378236457,1
2000002378283627,1
2000002378284703,1
2000002378332693,1
2000002378696641,1
2000002378696756,1
2000002378697685,1
2000002378698276,1
2000002378701890,1
2000002378702774,1
2000002378703879,1
2000002378704409,1
2000002378706562,1
2000002378709455,1
2000002378714895,1
2000002378721025,1
2000002378721530,1
2000002378722489,1
2000002378727313,1
2000002378728470,1
2000002378730262,1
2000002378730336,1
2000002378730523,1
2000002378731662,1
2000002378795333,1
2000002378796412,1
2000002378796875,1
2000002378796978,1
2000002378798633,1
2000002378799591,1
2000002378801165,1
2000002378807392,1
2000002378807608,1
2000002378810504,1
2000002378810751,1
2000002378817330,1
2000002378819249,1
2000002378819877,1
2000002378823232,1
2000002378824298,1
2000002378824698,1
2000002378824747,1
2000002378826582,1
2000002378829833,1
2000002378830980,1
2000002378831034,1
2000002378831310,1
2000002378831664,1
2000002380705974,1
2000002380785527,1
2000002381295666,1
2000002381298543,1
2000002381304438,1
2000002381306200,1
2000002381307393,1
2000002381312148,1
2000002381315933,1
2000002381316389,1
2000002381318169,1
2000002381320482,1
2000002381324808,1
2000002381325707,1
2000002381327229,1
2000002381332125,1
2000002381332698,1
2000002381333683,1
2000002381334243,1
2000002381334683,1
2000002381335806,1
2000002381336246,1
2000002381338103,1
2000002381338900,1
2000002381341781,1
2000002381342424,1
2000002381342540,1
2000002381342585,1
2000002381342733,1
2000002381342824,1
2000002381343298,1
2000002381343421,1
2000002381343884,1
2000002381344021,1
2000002381347831,1
2000002381348834,1
2000002381354755,1
2000002381356161,1
2000002381356986,1
2000002381358785,1
2000002381358861,1
2000002381361003,1
2000002381361429,1
2000002381407999,1
2000002381415456,1
2000002381416846,1
2000002381419127,1
2000002381419428,1
2000002381421508,1
2000002381421937,1
2000002381424670,1
2000002381425309,1
2000002381427759,1
2000002381430451,1
2000002381431740,1
2000002381435527,1
2000002381437455,1
2000002381438425,1
2000002381439828,1
2000002381439894,1
2000002381440125,1
2000002381441110,1
2000002381441153,1
2000002381441412,1
2000002381441567,1
2000002381442186,1
2000002381442372,1
2000002381442393,1
2000002381443288,1
2000002381444907,1
2000002381447003,1
2000002381455392,1
2000002381597797,1
2000002381637283,1
2000002382199894,1
2000002382220100,1
2000002382310260,1
2000002382311686,1
2000002382934115,1
2000002382975818,1
2000002382998908,1
2000002383027865,1
2000002383029845,1
2000002383031358,1
2000002383070771,1
2000002383112946,1
2000002383521247,1
2000002384034419,1
2000002384047960,1
2000002384275725,1
2000002384295540,1
2000002384301580,1
2000002384302986,1
2000002384302998,1
2000002384303224,1
2000002384303530,1
2000002384307727,1
2000002384314341,1
2000002384315560,1
2000002384399771,1
2000002384400667,1
2000002384402055,1
2000002384402154,1
2000002384403118,1
2000002384403158,1
2000002384407369,1
2000002384408091,1
2000002384414273,1
2000002384898061,1
2000002384907735,1
2000002384912210,1
2000002384917487,1
2000002384917534,1
2000002384919532,1
2000002384919743,1
2000002384919897,1
2000002384920368,1
2000002384926483,1
2000002384928973,1
2000002384929075,1
2000002384930842,1
2000002384933693,1
2000002384941612,1
2000002384943646,1
2000002384949238,1
2000002384949908,1
2000002384950042,1
2000002384952059,1
2000002384956443,1
2000002384957895,1
2000002384959814,1
2000002384960061,1
2000002384960877,1
2000002384963181,1
2000002384969974,1
2000002384977869,1
2000002384978401,1
2000002384985401,1
2000002384985535,1
2000002384989569,1
2000002384990438,1
2000002384995847,1
2000002384998489,1
2000002385001517,1
2000002385003317,1
2000002385019058,1
2000002385020595,1
2000002385020985,1
2000002385031352,1
2000002385032771,1
2000002385036287,1
2000002385039559,1
2000002385048321,1
2000002385049363,1
2000002385049455,1
2000002385051512,1
2000002385055556,1
2000002385055717,1
2000002385058731,1
2000002385073789,1
2000002385078488,1
2000002385080896,1
2000002385086022,1
2000002385088214,1
2000002385090121,1
2000002385176173,1
2000002385178110,1
2000002385191058,1
2000002385300234,1
2000002385374940,1
2000002385484750,1
2000002385795888,1
2000002385827456,1
2000002385914366,1
2000002386120417,1
2000002386223532,1
2000002387418433,1
2000002390496749,1
2000002390497219,1
2000002390497413,1
2000002390498787,1
2000002390498804,1
2000002390499539,1
2000002390499770,1
2000002390500068,1
2000002390500998,1
2000002390501733,1
2000002390503901,1
2000002390510626,1
2000002390695325,1
2000002390696978,1
2000002390697240,1
2000002390697244,1
2000002390698121,1
2000002390698335,1
2000002390698658,1
2000002390699092,1
2000002390703011,1
2000002390704127,1
2000002390704226,1
2000002390710112,1
2000002391097139,1
2000002391504085,1
2000002393896677,1
2000002393896693,1
2000002393897170,1
2000002393898854,1
2000002393900315,1
2000002393902166,1
2000002393903552,1
2000002393903647,1
2000002393903720,1
2000002393904231,1
2000002393904334,1
2000002393904684,1
2000002393905113,1
2000002393906034,1
2000002393906882,1
2000002393907259,1
2000002393908272,1
2000002393908590,1
2000002393908824,1
2000002393908916,1
2000002393909837,1
2000002393996977,1
2000002394001482,1
2000002394003063,1
2000002394004102,1
2000002394004628,1
2000002394006913,1
2000002394008222,1
2000002394008226,1
2000002394009045,1
2000002394010238,1
2000002394845162,1
2000002394941661,1
2000002395496044,1
2000002395496269,1
2000002395497462,1
2000002395595457,1
2000002395595821,1
2000002395595916,1
2000002395596839,1
2000002395597422,1
2000002395699246,1
2000002395707707,1
2000002395708328,1
2000002395710197,1
2000002395798461,1
2000002395799746,1
2000002395803667,1
2000002395804155,1
2000002395811496,1
2000002396195532,1
2000002396696157,1
2000002396796794,1
2000002397196046,1
2000002397200838,1
2000002397496672,1
2000002397497495,1
2000002397498792,1
2000002397499058,1
2000002397500023,1
2000002397500511,1
2000002397502513,1
2000002397502769,1
2000002397506644,1
2000002397512320,1
2000002397513278,1
2000002397513462,1
2000002397513804,1
2000002397516662,1
2000002397520371,1
2000002397523267,1
2000002397526205,1
2000002397526287,1
2000002397527252,1
2000002397528149,1
2000002397595897,1
2000002397601391,1
2000002397602092,1
2000002397604836,1
2000002397604880,1
2000002397607782,1
2000002397608183,1
2000002397613519,1
2000002397618009,1
2000002397618949,1
2000002397619127,1
2000002397621369,1
2000002397622452,1
2000002397622621,1
2000002397623271,1
2000002397624255,1
2000002397625589,1
2000002398695210,1
2000002399097791,1
2000002399595770,1
2000002399596682,1
2000002399695669,1
2000002399696740,1
2000002399696873,1
2000002399696931,1
2000002399697164,1
2000002400295362,1
2000002400296393,1
2000002400298036,1
2000002400298537,1
2000002400695439,1
2000002400699196,1
2000002400708635,1
2000002400715374,1
2000002400717134,1
2000002400718947,1
2000002400720545,1
2000002400721810,1
2000002400722867,1
2000002400725043,1
2000002400725408,1
2000002400725942,1
2000002400726041,1
2000002400726467,1
2000002400729306,1
2000002400795347,1
2000002400802175,1
2000002400806276,1
2000002400808651,1
2000002400809255,1
2000002400809592,1
2000002400815717,1
2000002400818039,1
2000002400819308,1
2000002400820024,1
2000002400822209,1
2000002400822269,1
2000002400823000,1
2000002400823925,1
2000002400824823,1
2000002400827580,1
2000002400829364,1
2000002401087709,1
2000002401495233,1
2000002402197688,1
2000002402217705,1
2000002402218273,1
2000002402244668,1
2000002402695458,1
2000002402698260,1
2000002402698765,1
2000002403396471,1
2000002403397608,1
2000002403397858,1
2000002403496216,1
2000002403496706,1
2000002403497037,1
2000002403497433,1
2000002403497549,1
2000002404295957,1
2000002404296899,1
2000002404297955,1
2000002404298430,1
2000002404299487,1
2000002404301353,1
2000002404303795,1
2000002404306389,1
2000002404316755,1
2000002404320020,1
2000002404328387,1
2000002404331052,1
2000002404332291,1
2000002404332393,1
2000002404332943,1
2000002404334971,1
2000002404336561,1
2000002404342579,1
2000002404345754,1
2000002404351430,1
2000002404356035,1
2000002404357558,1
2000002404357690,1
2000002404357979,1
2000002404358468,1
2000002404362075,1
2000002404370788,1
2000002404372669,1
2000002404378805,1
2000002404380342,1
2000002404395428,1
2000002404395720,1
2000002404397235,1
2000002404397757,1
2000002404398696,1
2000002404399292,1
2000002404403613,1
2000002404411568,1
2000002404412939,1
2000002404413277,1
2000002404416051,1
2000002404416201,1
2000002404421718,1
2000002404431430,1
2000002404432773,1
2000002404436501,1
2000002404438314,1
2000002404442561,1
2000002404455051,1
2000002404456210,1
2000002404462832,1
2000002404468797,1
2000002404469961,1
2000002404470004,1
2000002404471778,1
2000002404472147,1
2000002404472413,1
2000002405447116,1
2000002405453137,1
2000002405860526,1
2000002406239349,1
2000002406997442,1
2000002407004827,1
2000002407006169,1
2000002407013877,1
2000002407101529,1
2000002407101742,1
2000002407103408,1
2000002407106452,1
2000002407109785,1
2000002407110326,1
2000002407111137,1
2000002407111489,1
2000002407219924,1
2000002407361205,1
2000002407400886,1
2000002408396191,1
2000002408495773,1
2000002408795315,1
2000002408795964,1
2000002408796152,1
2000002408797600,1
2000002408798780,1
2000002408798903,1
2000002408801172,1
2000002408801386,1
2000002408802319,1
2000002408895379,1
2000002408896341,1
2000002408897079,1
2000002408898809,1
2000002408899952,1
2000002408900342,1
2000002408900582,1
2000002408902026,1
2000002409200490,1
2000002409206937,1
2000002409699365,1
2000002409700040,1
2000002409700841,1
2000002409701734,1
2000002409704180,1
2000002409709008,1
2000002409711696,1
2000002409716567,1
2000002409717624,1
2000002409717665,1
2000002409720529,1
2000002409722079,1
2000002409729898,1
2000002409733517,1
2000002409733998,1
2000002409738956,1
2000002409795838,1
2000002409796606,1
2000002409797711,1
2000002409797906,1
2000002409804166,1
2000002409806248,1
2000002409807034,1
2000002409817983,1
2000002409819174,1
2000002409820081,1
2000002409820429,1
2000002409821238,1
2000002409821811,1
2000002409822445,1
2000002409824780,1
2000002409825139,1
2000002409826145,1
2000002409833823,1
2000002409835217,1
2000002409835947,1
2000002409836238,1
2000002409836246,1
2000002409836394,1
2000002409836816,1
2000002409837428,1
2000002409838099,1
2000002409838197,1
2000002409838344,1
2000002410740450,1
2000002410743592,1
2000002410768870,1
2000002411119077,1
2000002411399927,1
2000002411408399,1
2000002411411028,1
2000002411412010,1
2000002411415326,1
2000002411417023,1
2000002411417905,1
2000002411419139,1
2000002411421181,1
2000002411424396,1
2000002411424798,1
2000002411425652,1
2000002411426963,1
2000002411427735,1
2000002411427943,1
2000002411429268,1
2000002411429335,1
2000002411431057,1
2000002411431308,1
2000002411432635,1
2000002411434176,1
2000002411435491,1
2000002411438055,1
2000002411438432,1
2000002411439183,1
2000002411439462,1
2000002411439907,1
2000002411440681,1
2000002411440775,1
2000002411441234,1
2000002411441525,1
2000002411442004,1
2000002411442828,1
2000002411496059,1
2000002411498130,1
2000002411499394,1
2000002411500116,1
2000002411509131,1
2000002411510194,1
2000002411510198,1
2000002411522073,1
2000002411522599,1
2000002411522746,1
2000002411524722,1
2000002411528080,1
2000002411528189,1
2000002411531162,1
2000002411532739,1
2000002411533344,1
2000002411536133,1
2000002411536463,1
2000002411539812,1
2000002412341390,1
2000002412569777,1
2000002412570005,1
2000002412785489,1
2000002412802032,1
2000002412841492,1
2000002413324777,1
2000002413897648,1
2000002413899136,1
2000002413903533,1
2000002413903746,1
2000002413905348,1
2000002413905593,1
2000002413995585,1
2000002413996435,1
2000002413997923,1
2000002414006659,1
2000002414010258,1
2000002414011183,1
2000002414457834,1
2000002414995240,1
2000002414998517,1
2000002414999260,1
2000002415004770,1
2000002415005974,1
2000002415006550,1
2000002415008610,1
2000002415010207,1
2000002415010477,1
2000002415011201,1
2000002415011323,1
2000002415011503,1
2000002415011550,1
2000002415011855,1
2000002415011933,1
2000002415013608,1
2000002415014447,1
2000002415015713,1
2000002415016000,1
2000002415016020,1
2000002415016710,1
2000002415017111,1
2000002415017886,1
2000002415019829,1
2000002415020981,1
2000002415021869,1
2000002415022215,1
2000002415023762,1
2000002415024686,1
2000002415025044,1
2000002415025561,1
2000002415030177,1
2000002415033832,1
2000002415039903,1
2000002415044016,1
2000002415047972,1
2000002415054973,1
2000002415055302,1
2000002415056733,1
2000002415057637,1
2000002415058030,1
2000002415058697,1
2000002415095769,1
2000002415096440,1
2000002415098509,1
2000002415098762,1
2000002415100540,1
2000002415102050,1
2000002415105349,1
2000002415106598,1
2000002415107127,1
2000002415107966,1
2000002415108511,1
2000002415110424,1
2000002415110677,1
2000002415112004,1
2000002415112027,1
2000002415112977,1
2000002415114674,1
2000002415115656,1
2000002415116215,1
2000002415116764,1
2000002415116998,1
2000002415117708,1
2000002415118313,1
2000002415119334,1
2000002415121181,1
2000002415121918,1
2000002415122387,1
2000002415122735,1
2000002415125192,1
2000002415125751,1
2000002415131471,1
2000002415132784,1
2000002415133399,1
2000002415133622,1
2000002415136465,1
2000002415137039,1
2000002415139767,1
2000002415152632,1
2000002415156492,1
2000002415158738,1
2000002415159405,1
2000002415350898,1
2000002415539961,1
2000002415590090,1
2000002415670819,1
2000002416900614,1
2000002417096811,1
2000002417179082,1
2000002417799420,1
2000002417800980,1
2000002417803227,1
2000002417803432,1
2000002417804500,1
2000002417805225,1
2000002417896098,1
2000002417896543,1
2000002417896834,1
2000002417896913,1
2000002417899628,1
2000002417899834,1
2000002417900244,1
2000002417904254,1
2000002417905689,1
2000002419120151,1
2000002419120219,1
2000002419297269,1
2000002419508718,1
2000002419510326,1
2000002419517939,1
2000002419518549,1
2000002419522022,1
2000002419524510,1
2000002419532865,1
2000002419546830,1
2000002419548215,1
2000002419552699,1
2000002419553583,1
2000002419557255,1
2000002419563249,1
2000002419563966,1
2000002419564020,1
2000002419564823,1
2000002419567830,1
2000002419569422,1
2000002419570138,1
2000002419573955,1
2000002419575942,1
2000002419581172,1
2000002419586794,1
2000002419595071,1
2000002419595970,1
2000002419602996,1
2000002419634589,1
2000002419639678,1
2000002419639880,1
2000002419640293,1
2000002419640533,1
2000002419647285,1
2000002419647665,1
2000002419655929,1
2000002419662883,1
2000002419662990,1
2000002419664213,1
2000002419664564,1
2000002419668019,1
2000002419668889,1
2000002419668965,1
2000002419669254,1
2000002419671279,1
2000002419671761,1
2000002419674915,1
2000002419679961,1
2000002419680390,1
2000002419684879,1
2000002419687337,1
2000002419687717,1
2000002419873031,1
2000002419925025,1
2000002420098867,1
2000002420466083,1
2000002420496741,1
2000002420569831,1
2000002420996078,1
2000002420996442,1
2000002420998676,1
2000002420999536,1
2000002421001225,1
2000002421004459,1
2000002421006293,1
2000002421007299,1
2000002421009033,1
2000002421011437,1
2000002421015693,1
2000002421017713,1
2000002421026817,1
2000002421029549,1
2000002421031045,1
2000002421033216,1
2000002421034367,1
2000002421034419,1
2000002421060856,1
2000002421067251,1
2000002421067623,1
2000002421068529,1
2000002421072811,1
2000002421073361,1
2000002421073630,1
2000002421075414,1
2000002421077999,1
2000002421081339,1
2000002421082252,1
2000002421082282,1
2000002421082562,1
2000002421082917,1
2000002421083010,1
2000002421083434,1
2000002421084699,1
2000002421086002,1
2000002421086626,1
2000002421088408,1
2000002421093271,1
2000002421096201,1
2000002421097204,1
2000002421098767,1
2000002421099597,1
2000002421100028,1
2000002421101420,1
2000002421102615,1
2000002421102737,1
2000002421103942,1
2000002421104157,1
2000002421114376,1
2000002421116596,1
2000002421121309,1
2000002421123038,1
2000002421124144,1
2000002421127862,1
2000002421129662,1
2000002421132256,1
2000002421139015,1
2000002421146721,1
2000002421148235,1
2000002421155051,1
2000002421168331,1
2000002421168507,1
2000002421171232,1
2000002421172767,1
2000002421174006,1
2000002421174049,1
2000002421174450,1
2000002421176219,1
2000002421176830,1
2000002421177073,1
2000002421177435,1
2000002421177699,1
2000002421179523,1
2000002421182373,1
2000002421182631,1
2000002421184270,1
2000002421512126,1
2000002421627357,1
2000002421650732,1
2000002421671348,1
2000002421782672,1
2000002421884875,1
2000002423419264,1
2000002423420914,1
2000002423426729,1
2000002423427225,1
2000002423432115,1
2000002423432350,1
2000002423436023,1
2000002423436954,1
2000002423436963,1
2000002423437630,1
2000002423437806,1
2000002423439195,1
2000002423439418,1
2000002423440637,1
2000002423440812,1
2000002423441445,1
2000002423443591,1
2000002423802278,1
2000002423810248,1
2000002423820532,1
2000002423824883,1
2000002423826120,1
2000002423827504,1
2000002423830101,1
2000002423830671,1
2000002423831769,1
2000002423837209,1
2000002423837591,1
2000002423838772,1
2000002423840531,1
2000002423840755,1
2000002424426354,1
2000002424428772,1
2000002426295433,1
2000002426297533,1
2000002426300827,1
2000002426304727,1
2000002426307156,1
2000002426314433,1
2000002426322593,1
2000002426324565,1
2000002426325513,1
2000002426328693,1
2000002426329104,1
2000002426330007,1
2000002426330030,1
2000002426332201,1
2000002426395976,1
2000002426422430,1
2000002426425488,1
2000002426428759,1
2000002426901461,1
2000002427183212,1
2000002427205572,1
2000002427797865,1
2000002427801575,1
2000002427801785,1
2000002427895548,1
2000002427896604,1
2000002427896606,1
2000002427899797,1
2000002427900246,1
2000002427900922,1
2000002428499211,1
2000002428499455,1
2000002428499479,1
2000002428500914,1
2000002428503073,1
2000002428507918,1
2000002428510167,1
2000002428513527,1
2000002428519262,1
2000002428527558,1
2000002428527730,1
2000002428528306,1
2000002428531113,1
2000002428532518,1
2000002428533011,1
2000002428533358,1
2000002428535556,1
2000002428536634,1
2000002428597460,1
2000002428597634,1
2000002428608519,1
2000002428610807,1
2000002428613666,1
2000002428624007,1
2000002428626168,1
2000002428628020,1
2000002428628080,1
2000002428628735,1
2000002428629925,1
2000002428630602,1
2000002428630765,1
2000002428631156,1
2000002428631300,1
2000002428631803,1
2000002428631975,1
2000002428633090,1
2000002429466887,1
2000002430096540,1
2000002431181329,1
2000002432199259,1
2000002432199666,1
2000002432201667,1
2000002432203711,1
2000002432203992,1
2000002432206809,1
2000002432295348,1
2000002432296233,1
2000002432297681,1
2000002432298777,1
2000002432299061,1
2000002432300630,1
2000002432301068,1
2000002432301678,1
2000002432301703,1
2000002432303519,1
2000002432303892,1
2000002432303926,1
2000002432304090,1
2000002432304450,1
2000002432304518,1
2000002432305649,1
2000002432306687,1
2000002432513753,1
2000002433009702,1
2000002433012970,1
2000002433598042,1
2000002433598262,1
2000002433606950,1
2000002433610568,1
2000002433611853,1
2000002433614633,1
2000002433620744,1
2000002433623278,1
2000002433623918,1
2000002433625678,1
2000002433627221,1
2000002433627306,1
2000002433627420,1
2000002433628303,1
2000002433628527,1
2000002433628696,1
2000002433628740,1
2000002433629280,1
2000002433629461,1
2000002433629693,1
2000002433630052,1
2000002433630371,1
2000002433630758,1
2000002433633294,1
2000002433634049,1
2000002433634875,1
2000002433635414,1
2000002433635532,1
2000002433635940,1
2000002433636480,1
2000002433636663,1
2000002433636862,1
2000002433637169,1
2000002433637426,1
2000002433638352,1
2000002433638489,1
2000002433696229,1
2000002433700798,1
2000002433702672,1
2000002433704597,1
2000002433705045,1
2000002433719108,1
2000002433727157,1
2000002433727612,1
2000002433728862,1
2000002433729347,1
2000002433730409,1
2000002433731658,1
2000002433733222,1
2000002433734025,1
2000002433736627,1
2000002433736995,1
2000002433738861,1
2000002433740309,1
2000002434822511,1
2000002434914621,1
2000002435204536,1
2000002435707971,1
2000002435716902,1
2000002435895945,1
2000002435898794,1
2000002435906857,1
2000002435908031,1
2000002435916107,1
2000002435920279,1
2000002436078449,1
2000002436198534,1
2000002436208407,1
2000002436218371,1
2000002436223918,1
2000002436232240,1
2000002436237864,1
2000002436238628,1
2000002436239893,1
2000002436243141,1
2000002436247470,1
2000002436252476,1
2000002436254053,1
2000002436255667,1
2000002436260604,1
2000002436263295,1
2000002436264256,1
2000002436271425,1
2000002436271509,1
2000002436279162,1
2000002436284083,1
2000002436291684,1
2000002436292002,1
2000002436300066,1
2000002436304124,1
2000002436308274,1
2000002436313768,1
2000002436314542,1
2000002436318388,1
2000002436324154,1
2000002436325920,1
2000002436329909,1
2000002436333718,1
2000002436334662,1
2000002436336430,1
2000002436336891,1
2000002436337275,1
2000002436337585,1
2000002436340693,1
2000002436342248,1
2000002436343178,1
2000002436346510,1
2000002436353950,1
2000002436355806,1
2000002436355834,1
2000002436362922,1
2000002436367434,1
2000002436368970,1
2000002436372627,1
2000002436376746,1
2000002436384665,1
2000002436389511,1
2000002436391589,1
2000002436969416,1
2000002436980640,1
2000002436981055,1
2000002437199411,1
2000002437309733,1
2000002437347609,1
2000002437653246,1
2000002437698710,1
2000002437704099,1
2000002437707540,1
2000002437708414,1
2000002437715559,1
2000002437716537,1
2000002437726162,1
2000002437728022,1
2000002437743179,1
2000002437747084,1
2000002437747563,1
2000002437747902,1
2000002437748341,1
2000002437748671,1
2000002437748852,1
2000002437751227,1
2000002437752685,1
2000002437754856,1
2000002437755716,1
2000002437757240,1
2000002437757260,1
2000002437757809,1
2000002437758632,1
2000002437759710,1
2000002437760983,1
2000002437763438,1
2000002437800668,1
2000002437801053,1
2000002437809618,1
2000002437823621,1
2000002437826163,1
2000002437826742,1
2000002437831057,1
2000002437838807,1
2000002437838853,1
2000002437843728,1
2000002437843812,1
2000002437844199,1
2000002437845767,1
2000002437850725,1
2000002437852183,1
2000002437856173,1
2000002437856820,1
2000002437858232,1
2000002438183971,1
2000002438399988,1
2000002438796519,1
2000002439496232,1
2000002439507074,1
2000002439509947,1
2000002439513167,1
2000002439514421,1
2000002439525681,1
2000002439535762,1
2000002439535793,1
2000002439538004,1
2000002439538020,1
2000002439540220,1
2000002439540747,1
2000002439610811,1
2000002439617915,1
2000002439620050,1
2000002439621361,1
2000002439625449,1
2000002439634171,1
2000002439636503,1
2000002439636654,1
2000002439638546,1
2000002439639421,1
2000002439640798,1
2000002439640998,1
2000002439641214,1
2000002440845142,1
2000002440909316,1
2000002441397744,1
2000002441399447,1
2000002441399910,1
2000002441401989,1
2000002441411487,1
2000002441413735,1
2000002441418932,1
2000002441422422,1
2000002441436752,1
2000002441444453,1
2000002441449307,1
2000002441449458,1
2000002441449831,1
2000002441450030,1
2000002441450112,1
2000002441453004,1
2000002441456049,1
2000002441456347,1
2000002441456417,1
2000002441457458,1
2000002441459015,1
2000002441459368,1
2000002441460919,1
2000002441461831,1
2000002441495739,1
2000002441495798,1
2000002441496533,1
2000002441502432,1
2000002441503998,1
2000002441504699,1
2000002441505399,1
2000002441511374,1
2000002441517183,1
2000002441525137,1
2000002441525296,1
2000002441534763,1
2000002441537812,1
2000002441540832,1
2000002441542465,1
2000002441545735,1
2000002441546709,1
2000002441548312,1
2000002441550555,1
2000002441550761,1
2000002441552135,1
2000002441552305,1
2000002441553671,1
2000002441553704,1
2000002441553902,1
2000002441950821,1
2000002444135990,1
2000002444896577,1
2000002444897256,1
2000002444898092,1
2000002444902921,1
2000002444903457,1
2000002444903830,1
2000002444908331,1
2000002444911662,1
2000002444920374,1
2000002444927120,1
2000002444931894,1
2000002444933137,1
2000002444942874,1
2000002444944046,1
2000002444945119,1
2000002444950177,1
2000002444950365,1
2000002444950729,1
2000002444951039,1
2000002444951257,1
2000002444951499,1
2000002444952696,1
2000002444954945,1
2000002444956544,1
2000002444956729,1
2000002444958105,1
2000002444995575,1
2000002444995741,1
2000002444996589,1
2000002444996878,1
2000002444997309,1
2000002444999109,1
2000002445001935,1
2000002445003878,1
2000002445007222,1
2000002445008697,1
2000002445011967,1
2000002445013709,1
2000002445015986,1
2000002445017953,1
2000002445023238,1
2000002445030278,1
2000002445038505,1
2000002445040650,1
2000002445043984,1
2000002445046373,1
2000002445049411,1
2000002445049418,1
2000002445049478,1
2000002445052078,1
2000002445052948,1
2000002445053374,1
2000002445054077,1
2000002445057178,1
2000002445057596,1
2000002445058416,1
2000002445059283,1
2000002445290892,1
2000002445319741,1
2000002447511323,1
2000002448229290,1
2000002448229643,1
2000002448270188,1
2000002448372168,1
2000002450295223,1
2000002450295857,1
2000002450297327,1
2000002450395664,1
2000002450399778,1
2000002451155350,1
2000002451703698,1
2000002451705840,1
2000002451709297,1
2000002451803179,1
2000002451805618,1
2000002451808321,1
2000002451809321,1
2000002452096334,1
2000002452099336,1
2000002452108678,1
2000002452111871,1
2000002452116994,1
2000002452119221,1
2000002452119636,1
2000002452121076,1
2000002452123873,1
2000002452202121,1
2000002452209870,1
2000002452210961,1
2000002452217206,1
2000002452218998,1
2000002452220487,1
2000002452221041,1
2000002452222216,1
2000002453700694,1
2000002453796453,1
2000002453802799,1
2000002455596978,1
2000002455601400,1
2000002455604923,1
2000002455605307,1
2000002455608351,1
2000002455637095,1
2000002455643223,1
2000002455645455,1
2000002455648313,1
2000002455652927,1
2000002455654322,1
2000002455658823,1
2000002455665822,1
2000002455669161,1
2000002455675726,1
2000002455690544,1
2000002455699853,1
2000002455703158,1
2000002455710224,1
2000002455714938,1
2000002455715777,1
2000002455722698,1
2000002455730808,1
2000002455733855,1
2000002455735049,1
2000002455735250,1
2000002455741241,1
2000002455742799,1
2000002455746431,1
2000002455752696,1
2000002455756618,1
2000002455756670,1
2000002455759886,1
2000002455760351,1
2000002455786337,1
2000002455787806,1
2000002455790820,1
2000002455793021,1
2000002456789111,1
2000002457232328,1
2000002458401141,1
2000002458403427,1
2000002458409629,1
2000002458434268,1
2000002458438152,1
2000002458451502,1
2000002458453888,1
2000002458457543,1
2000002458500732,1
2000002458501181,1
2000002458504132,1
2000002458509268,1
2000002458509749,1
2000002458515928,1
2000002458518458,1
2000002458527450,1
2000002458530014,1
2000002458530379,1
2000002458543055,1
2000002458553124,1
2000002458553492,1
2000002458556408,1
2000002458556795,1
2000002458560471,1
2000002458673728,1
2000002459331277,1
2000002461997818,1
2000002462697709,1
2000002462899311,1
2000002463997438,1
2000002464197898,1
2000002464204142,1
2000002464205530,1
2000002464211195,1
2000002464215236,1
2000002464221108,1
2000002464222581,1
2000002464223715,1
2000002464226483,1
2000002464227023,1
2000002464230226,1
2000002464230258,1
2000002464232072,1
2000002464232575,1
2000002464232855,1
2000002464233523,1
2000002464234011,1
2000002464234044,1
2000002464234640,1
2000002464240392,1
2000002464295737,1
2000002464298331,1
2000002464307712,1
2000002464307776,1
2000002464321242,1
2000002464336188,1
2000002464337276,1
2000002464337526,1
2000002464338645,1
2000002464341607,1
2000002464342762,1
2000002464809126,1
2000002465329582,1
2000002466040757,1
2000002466124308,1
2000002466696403,1
2000002466696636,1
2000002466696930,1
2000002466697151,1
2000002466698165,1
2000002466699632,1
2000002466701091,1
2000002466703556,1
2000002466708581,1
2000002466718416,1
2000002466718736,1
2000002466720795,1
2000002466724633,1
2000002466730886,1
2000002466735717,1
2000002466736976,1
2000002466740006,1
2000002466742999,1
2000002466746725,1
2000002466749771,1
2000002466761636,1
2000002466763585,1
2000002466765388,1
2000002466765423,1
2000002466769005,1
2000002466769824,1
2000002466781145,1
2000002466783136,1
2000002466785531,1
2000002466788428,1
2000002466789627,1
2000002466795257,1
2000002466796401,1
2000002466796489,1
2000002466798677,1
2000002466799041,1
2000002466800394,1
2000002466806006,1
2000002466808707,1
2000002466818630,1
2000002466819325,1
2000002466825584,1
2000002466834779,1
2000002466837857,1
2000002466838736,1
2000002466839701,1
2000002466846823,1
2000002466849443,1
2000002466850777,1
2000002466865183,1
2000002466868704,1
2000002466869069,1
2000002466874381,1
2000002466877875,1
2000002466883930,1
2000002466884160,1
2000002466888592,1
2000002466888890,1
2000002466888920,1
2000002466889554,1
2000002466891241,1
2000002467697956,1
2000002467702214,1
2000002467706042,1
2000002467719253,1
2000002467804288,1
2000002467816059,1
2000002467925072,1
2000002468679677,1
2000002468785148,1
2000002468922099,1
2000002468927062,1
2000002469035549,1
2000002469902157,1
2000002470563240,1
2000002470731755,1
2000002470776185,1
2000002470854684,1
2000002472221215,1
2000002472304138,1
2000002472331583,1
2000002472339164,1
2000002472347443,1
2000002472364628,1
2000002472366568,1
2000002472366771,1
2000002472366803,1
2000002472371278,1
2000002472381726,1
2000002472387989,1
2000002472397605,1
2000002472399464,1
2000002472399661,1
2000002472408256,1
2000002472411777,1
2000002472416319,1
2000002472418119,1
2000002472418559,1
2000002472418617,1
2000002472427519,1
2000002472438881,1
2000002472441386,1
2000002472443212,1
2000002472445926,1
2000002472452083,1
2000002472458623,1
2000002472471516,1
2000002472472163,1
2000002472473375,1
2000002472476293,1
2000002472482384,1
2000002472482634,1
2000002472483921,1
2000002472489427,1
2000002473382407,1
2000002473522444,1
2000002474508313,1
2000002474602476,1
2000002474692597,1
2000002474911047,1
2000002475196104,1
2000002475206126,1
2000002475207741,1
2000002475215354,1
2000002475217199,1
2000002475222465,1
2000002475224807,1
2000002475224963,1
2000002475228687,1
2000002475235935,1
2000002475236297,1
2000002475236308,1
2000002475249196,1
2000002475264212,1
2000002475264229,1
2000002475268400,1
2000002475269058,1
2000002475270973,1
2000002475271922,1
2000002475272232,1
2000002475273276,1
2000002475277545,1
2000002475277586,1
2000002475280611,1
2000002475283980,1
2000002475284093,1
2000002475305426,1
2000002475317156,1
2000002475323639,1
2000002475328919,1
2000002475329833,1
2000002475340217,1
2000002475341767,1
2000002475342651,1
2000002475347668,1
2000002475353727,1
2000002475363666,1
2000002475364197,1
2000002475365858,1
2000002475366589,1
2000002475367360,1
2000002475388495,1
2000002476021538,1
2000002476086083,1
2000002476161970,1
2000002478565303,1
2000002479198864,1
2000002479206803,1
2000002479209839,1
2000002479210046,1
2000002479212821,1
2000002479213619,1
2000002479213787,1
2000002479214681,1
2000002479215250,1
2000002479215573,1
2000002479217932,1
2000002479221555,1
2000002479222129,1
2000002479604021,1
2000002479610870,1
2000002479612570,1
2000002479614619,1
2000002479614740,1
2000002479617157,1
2000002479618179,1
2000002479618182,1
2000002479619437,1
2000002479620800,1
2000002480113157,1
2000002480233328,1
2000002480796374,1
2000002480797340,1
2000002480797719,1
2000002480800762,1
2000002480809608,1
2000002480813581,1
2000002480818963,1
2000002480821730,1
2000002480823218,1
2000002480824127,1
2000002480825752,1
2000002480827602,1
2000002480827628,1
2000002480827723,1
2000002480828115,1
2000002480829380,1
2000002480830625,1
2000002480833056,1
2000002480836850,1
2000002480836871,1
2000002480840832,1
2000002480841223,1
2000002480841521,1
2000002480841523,1
2000002480844768,1
2000002480848683,1
2000002480850849,1
2000002480856956,1
2000002480863930,1
2000002480867253,1
2000002480868042,1
2000002481006759,1
2000002481014789,1
2000002481015002,1
2000002481019833,1
2000002481021081,1
2000002481022616,1
2000002481024667,1
2000002481026203,1
2000002481028051,1
2000002481028645,1
2000002481033128,1
2000002481035315,1
2000002481035775,1
2000002481036160,1
2000002481037138,1
2000002481037358,1
2000002481038049,1
2000002481038560,1
2000002481039610,1
2000002481057714,1
2000002481060890,1
2000002481063608,1
2000002481065552,1
2000002481398637,1
2000002481668954,1
2000002483464403,1
2000002483898823,1
2000002484097135,1
2000002484523109,1
2000002484577754,1
2000002484628659,1
2000002484882187,1
2000002485282699,1
2000002485362980,1
2000002486099229,1
2000002486106364,1
2000002486998570,1
2000002486999125,1
2000002486999309,1
2000002486999502,1
2000002486999716,1
2000002486999725,1
2000002487000472,1
2000002487002305,1
2000002487005319,1
2000002487009951,1
2000002487015290,1
2000002487016153,1
2000002487021467,1
2000002487029767,1
2000002487029797,1
2000002487031459,1
2000002487033624,1
2000002487033966,1
2000002487033978,1
2000002487040235,1
2000002487041191,1
2000002487098755,1
2000002487099152,1
2000002487099349,1
2000002487099497,1
2000002487100051,1
2000002487100978,1
2000002487101012,1
2000002487103329,1
2000002487103336,1
2000002487103386,1
2000002487106854,1
2000002487114158,1
2000002487114887,1
2000002487116145,1
2000002487116147,1
2000002487117447,1
2000002487119497,1
2000002487123690,1
2000002487128665,1
2000002487129983,1
2000002487130007,1
2000002487135027,1
2000002487135256,1
2000002487135505,1
2000002488169975,1
2000002488781452,1
2000002488790449,1
2000002488872938,1
2000002489395066,1
2000002489496556,1
2000002489499437,1
2000002489501112,1
2000002489504021,1
2000002489504234,1
2000002489505938,1
2000002489509017,1
2000002489511923,1
2000002489533466,1
2000002489535677,1
2000002489537759,1
2000002489543354,1
2000002489543630,1
2000002489547070,1
2000002489551150,1
2000002489552052,1
2000002489553101,1
2000002489553186,1
2000002489554664,1
2000002489554706,1
2000002489555934,1
2000002489565493,1
2000002489569907,1
2000002489580762,1
2000002489586992,1
2000002489592812,1
2000002489593663,1
2000002489595321,1
2000002489601917,1
2000002489603869,1
2000002489604306,1
2000002489605301,1
2000002489605445,1
2000002489606276,1
2000002489606632,1
2000002489607036,1
2000002489609853,1
2000002489610589,1
2000002489610753,1
2000002489615264,1
2000002489620587,1
2000002489621267,1
2000002489625583,1
2000002489627398,1
2000002489631388,1
2000002489633619,1
2000002489635746,1
2000002489643255,1
2000002489655478,1
2000002489656516,1
2000002489661645,1
2000002489684526,1
2000002489685294,1
2000002489685724,1
2000002490558493,1
2000002490694249,1
2000002490734426,1
2000002490754834,1
2000002491432441,1
2000002491457229,1
2000002491465489,1
2000002491545822,1
2000002491598185,1
2000002491600263,1
2000002491602639,1
2000002491607533,1
2000002491609642,1
2000002491630648,1
2000002491631870,1
2000002491633621,1
2000002491634674,1
2000002491635566,1
2000002491636197,1
2000002491637826,1
2000002491640893,1
2000002491641880,1
2000002491642393,1
2000002491643651,1
2000002491645330,1
2000002491645334,1
2000002491647829,1
2000002491649336,1
2000002491650861,1
2000002491650871,1
2000002491652693,1
2000002491654582,1
2000002491655852,1
2000002491659239,1
2000002491659846,1
2000002491668426,1
2000002491670074,1
2000002491671887,1
2000002491676206,1
2000002491680082,1
2000002491680520,1
2000002491680545,1
2000002491680783,1
2000002491682374,1
2000002491702532,1
2000002491714652,1
2000002491723024,1
2000002491728496,1
2000002491728665,1
2000002491729616,1
2000002491731505,1
2000002491734855,1
2000002491738280,1
2000002491738316,1
2000002491739973,1
2000002491740129,1
2000002491740522,1
2000002491741363,1
2000002491746998,1
2000002491748766,1
2000002491751039,1
2000002491751419,1
2000002491752313,1
2000002491752334,1
2000002491752544,1
2000002491753073,1
2000002491767031,1
2000002491768239,1
2000002491769633,1
2000002491771809,1
2000002491777304,1
2000002491780130,1
2000002491780527,1
2000002491780713,1
2000002492148505,1
2000002492150623,1
2000002492396714,1
2000002493499403,1
2000002493513251,1
2000002493598231,1
2000002493601288,1
2000002493605906,1
2000002493626468,1
2000002493631202,1
2000002493632490,1
2000002494506355,1
2000002494601302,1
2000002494815087,1
2000002494879213,1
2000002495321833,1
2000002495795428,1
2000002495795923,1
2000002495796734,1
2000002495800006,1
2000002495800065,1
2000002495800227,1
2000002495802749,1
2000002495803261,1
2000002495895703,1
2000002495898032,1
2000002495900010,1
2000002495900786,1
2000002495902411,1
2000002495904575,1
2000002495904669,1
2000002496203787,1
2000002496209097,1
2000002496216218,1
2000002496217847,1
2000002496218332,1
2000002496220465,1
2000002496221832,1
2000002496226906,1
2000002496227006,1
2000002496228193,1
2000002496229050,1
2000002496230866,1
2000002496231782,1
2000002496233066,1
2000002496234006,1
2000002496236391,1
2000002496238137,1
2000002496239372,1
2000002496240225,1
2000002496242377,1
2000002496295304,1
2000002496305575,1
2000002496308341,1
2000002496315291,1
2000002496316485,1
2000002496318900,1
2000002496321054,1
2000002496321208,1
2000002496322701,1
2000002496322744,1
2000002496323134,1
2000002496323461,1
2000002496326132,1
2000002496326410,1
2000002496328962,1
2000002496330064,1
2000002496330313,1
2000002496330821,1
2000002496330985,1
2000002496331387,1
2000002496331694,1
2000002496331747,1
2000002496333984,1
2000002496336454,1
2000002497650253,1
2000002497652925,1
2000002498062098,1
2000002498661728,1
2000002499098776,1
2000002499102134,1
2000002499102696,1
2000002499117035,1
2000002499121150,1
2000002499121355,1
2000002499123147,1
2000002499123702,1
2000002499197469,1
2000002499201382,1
2000002499211456,1
2000002499213387,1
2000002499219632,1
2000002499219659,1
2000002499221430,1
2000002499222060,1
2000002499225163,1
2000002500444885,1
2000002500799192,1
2000002501048439,1
2000002501072737,1
2000002501099033,1
2000002502096353,1
2000002502096648,1
2000002502097135,1
2000002502098169,1
2000002502098512,1
2000002502110318,1
2000002502120014,1
2000002502121313,1
2000002502121501,1
2000002502127738,1
2000002502129484,1
2000002502129648,1
2000002502135425,1
2000002502138798,1
2000002502138886,1
2000002502138925,1
2000002502150705,1
2000002502195079,1
2000002502199631,1
2000002502203579,1
2000002502205037,1
2000002502206133,1
2000002502206701,1
2000002502208658,1
2000002502210872,1
2000002502211949,1
2000002502213574,1
2000002502218946,1
2000002502222824,1
2000002502222988,1
2000002502223785,1
2000002502224511,1
2000002502225368,1
2000002502230074,1
2000002502232513,1
2000002502235739,1
2000002502237245,1
2000002502238363,1
2000002502240755,1
2000002502256645,1
2000002502281766,1
2000002503285779,1
2000002504020874,1
2000002504120663,1
2000002504545819,1
2000002504552947,1
2000002504553145,1
2000002504553380,1
2000002504554198,1
2000002504555233,1
2000002504555701,1
2000002504556408,1
2000002504568127,1
2000002504569146,1
2000002504570645,1
2000002504571518,1
2000002504573375,1
2000002504576274,1
2000002504577095,1
2000002504579508,1
2000002504579577,1
2000002504599371,1
2000002504606638,1
2000002504612948,1
2000002504625849,1
2000002504630460,1
2000002504631837,1
2000002504639415,1
2000002504647209,1
2000002504647211,1
2000002504649019,1
2000002504652083,1
2000002504655016,1
2000002504656377,1
2000002504661222,1
2000002504664182,1
2000002504665707,1
2000002504668283,1
2000002504669662,1
2000002504672768,1
2000002504685801,1
2000002504689202,1
2000002504689531,1
2000002505216360,1
2000002505235831,1
2000002505259266,1
2000002505275770,1
2000002505941519,1
2000002506200907,1
2000002506212771,1
2000002506215056,1
2000002506221245,1
2000002506230510,1
2000002506233639,1
2000002506240345,1
2000002506241242,1
2000002506258373,1
2000002506258428,1
2000002506258870,1
2000002506261810,1
2000002506267318,1
2000002506273780,1
2000002506282965,1
2000002506287057,1
2000002506288501,1
2000002506294678,1
2000002506301028,1
2000002506301455,1
2000002506304886,1
2000002506306777,1
2000002506313592,1
2000002506318778,1
2000002506320328,1
2000002506321671,1
2000002506325349,1
2000002506330503,1
2000002506352447,1
2000002506358623,1
2000002506360750,1
2000002506361206,1
2000002506361898,1
2000002506365812,1
2000002506366310,1
2000002506366369,1
2000002506367474,1
2000002506368276,1
2000002506368465,1
2000002506368715,1
2000002506369293,1
2000002506369605,1
2000002506369626,1
2000002506369829,1
2000002506372352,1
2000002506383404,1
2000002506387600,1
2000002506395161,1
2000002506617461,1
2000002506684515,1
2000002506801140,1
2000002508401458,1
2000002510797103,1
2000002510805547,1
2000002510898393,1
2000002510904160,1
2000002510905963,1
2000002510906196,1
2000002510910477,1
2000002510913945,1
2000002511040152,1
2000002512195484,1
2000002512197132,1
2000002512200698,1
2000002512201600,1
2000002512201831,1
2000002512204736,1
2000002512214919,1
2000002512217392,1
2000002512220600,1
2000002512230498,1
2000002512231390,1
2000002512232541,1
2000002512233162,1
2000002512236610,1
2000002512299048,1
2000002512300039,1
2000002512302371,1
2000002512303085,1
2000002512315224,1
2000002512316841,1
2000002512318875,1
2000002512324311,1
2000002512325147,1
2000002512327397,1
2000002512333623,1
2000002512335334,1
2000002512335884,1
2000002512336201,1
2000002512336319,1
2000002512337193,1
2000002512497182,1
2000002513024075,1
2000002513100312,1
2000002513103892,1
2000002513109143,1
2000002514554329,1
2000002514560976,1
2000002516397585,1
2000002516398000,1
2000002516398970,1
2000002516403852,1
2000002516412560,1
2000002516419201,1
2000002516420247,1
2000002516421827,1
2000002516425979,1
2000002516431181,1
2000002516431253,1
2000002516431463,1
2000002516432097,1
2000002516432102,1
2000002516432108,1
2000002516433339,1
2000002516443196,1
2000002516443974,1
2000002516497151,1
2000002516497827,1
2000002516498036,1
2000002516500488,1
2000002516503792,1
2000002516510224,1
2000002516515629,1
2000002516525603,1
2000002516528647,1
2000002516529504,1
2000002516531706,1
2000002516532517,1
2000002516533754,1
2000002516534898,1
2000002516537869,1
2000002516541437,1
2000002516542590,1
2000002516542920,1
2000002517637231,1
2000002517840978,1
2000002517979412,1
2000002519001014,1
2000002519001961,1
2000002519007335,1
2000002519007524,1
2000002519015967,1
2000002519016497,1
2000002519016612,1
2000002519017998,1
2000002519021671,1
2000002519197128,1
2000002519199417,1
2000002519200643,1
2000002519201627,1
2000002519204611,1
2000002519218175,1
2000002519222172,1
2000002519222891,1
2000002519224102,1
2000002519225017,1
2000002519227137,1
2000002519232473,1
2000002519507808,1
2000002520288532,1
2000002520322156,1
2000002520459937,1
2000002520995492,1
2000002521007104,1
2000002521009087,1
2000002521012568,1
2000002521013704,1
2000002521022651,1
2000002521029741,1
2000002521038903,1
2000002521046866,1
2000002521062230,1
2000002521062730,1
2000002521074045,1
2000002521074136,1
2000002521075173,1
2000002521077089,1
2000002521079098,1
2000002521081526,1
2000002521083925,1
2000002521084737,1
2000002521084890,1
2000002521085259,1
2000002521085405,1
2000002521087206,1
2000002521088614,1
2000002521093419,1
2000002521106084,1
2000002521108418,1
2000002521109522,1
2000002521125360,1
2000002521130570,1
2000002521137805,1
2000002521144120,1
2000002521148306,1
2000002521155206,1
2000002521162998,1
2000002521165309,1
2000002521171719,1
2000002521179218,1
2000002521183765,1
2000002521184893,1
2000002521185688,1
2000002521185890,1
2000002522268688,1
2000002522362282,1
2000002523091187,1
2000002523535272,1
2000002523564786,1
2000002523698742,1
2000002523801196,1
2000002523808321,1
2000002523814523,1
2000002523815513,1
2000002523827119,1
2000002523828347,1
2000002523830335,1
2000002523833043,1
2000002523833928,1
2000002523841702,1
2000002523843044,1
2000002523851098,1
2000002523856356,1
2000002523859542,1
2000002523861977,1
2000002523871733,1
2000002523874984,1
2000002523885247,1
2000002523897276,1
2000002523906699,1
2000002523907639,1
2000002523913155,1
2000002523915068,1
2000002523916932,1
2000002523925216,1
2000002523938290,1
2000002523940741,1
2000002523941239,1
2000002523946909,1
2000002523948746,1
2000002523970780,1
2000002523972301,1
2000002523972880,1
2000002523973890,1
2000002523974026,1
2000002523980519,1
2000002523983655,1
2000002524341253,1
2000002524537322,1
2000002528158661,1
2000002529508022,1
2000002529899229,1
2000002530302186,1
2000002530305520,1
2000002530307735,1
2000002530318108,1
2000002530322999,1
2000002530395217,1
2000002530410068,1
2000002530422305,1
2000002531632307,1
2000002531661276,1
2000002531736716,1
2000002534896047,1
2000002534905079,1
2000002535095680,1
2000002535097697,1
2000002535105224,1
2000002535106632,1
2000002537905233,1
2000002538014955,1
2000002538302863,1
2000002538305308,1
2000002538308383,1
2000002538313415,1
2000002538315148,1
2000002538316348,1
2000002538326426,1
2000002538327364,1
2000002538327646,1
2000002538400864,1
2000002538401351,1
2000002538402513,1
2000002538408700,1
2000002538409594,1
2000002538413177,1
2000002538417892,1
2000002539419057,1
2000002539648549,1
2000002544395980,1
2000002544401671,1
2000002544403024,1
2000002544407129,1
2000002544410150,1
2000002544410316,1
2000002544411261,1
2000002544418863,1
2000002544427309,1
2000002544429722,1
2000002544443070,1
2000002544446353,1
2000002544496331,1
2000002544502689,1
2000002544504553,1
2000002544506444,1
2000002544509113,1
2000002544512663,1
2000002544523067,1
2000002544523681,1
2000002544539406,1
2000002544540307,1
2000002544544405,1
2000002544545642,1
2000002547356998,1
2000002547371836,1
2000002547647687,1
2000002548003725,1
2000002550295217,1
2000002550297574,1
2000002550303664,1
2000002550306701,1
2000002550311541,1
2000002550314299,1
2000002550317858,1
2000002550321078,1
2000002550322898,1
2000002550322985,1
2000002550325587,1
2000002550326747,1
2000002550333795,1
2000002550343750,1
2000002550344313,1
2000002550358822,1
2000002550361867,1
2000002550369449,1
2000002550376502,1
2000002550389183,1
2000002550391459,1
2000002550391664,1
2000002550395293,1
2000002550398168,1
2000002550400755,1
2000002550410682,1
2000002550420579,1
2000002550421332,1
2000002550422624,1
2000002550432977,1
2000002550433060,1
2000002550434275,1
2000002550441448,1
2000002550444009,1
2000002550456777,1
2000002550460583,1
2000002550462692,1
2000002550462827,1
2000002550486672,1
2000002550488272,1
2000002550490813,1
2000002550491908,1
2000002550494617,1
2000002551091178,1
2000002551752505,1
2000002551765876,1
2000002551959656,1
2000002551964581,1
2000002552524081,1
2000002552831054,1
2000002553196687,1
2000002553196744,1
2000002553196986,1
2000002553197443,1
2000002553197594,1
2000002553197937,1
2000002553201816,1
2000002553202772,1
2000002553203158,1
2000002553203326,1
2000002553204383,1
2000002553209811,1
2000002553213430,1
2000002553296379,1
2000002553298343,1
2000002553298621,1
2000002553298765,1
2000002553299177,1
2000002553299290,1
2000002553307387,1
2000002555297217,1
2000002555307388,1
2000002555325059,1
2000002555326688,1
2000002555327953,1
2000002555329020,1
2000002555329672,1
2000002555331908,1
2000002555332561,1
2000002555332574,1
2000002555334989,1
2000002555343597,1
2000002555358678,1
2000002555363281,1
2000002555363647,1
2000002555369083,1
2000002555370242,1
2000002555370379,1
2000002555370478,1
2000002555370784,1
2000002555371302,1
2000002555372691,1
2000002555372825,1
2000002555373769,1
2000002555379774,1
2000002555496963,1
2000002555497094,1
2000002555497289,1
2000002555497600,1
2000002555506902,1
2000002555507677,1
2000002555511915,1
2000002555529057,1
2000002555531664,1
2000002555531777,1
2000002555534227,1
2000002555544453,1
2000002555561607,1
2000002555565876,1
2000002555568337,1
2000002555568876,1
2000002555569223,1
2000002555570389,1
2000002555571719,1
2000002555577350,1
2000002557848691,1
2000002558642423,1
2000002558694209,1
2000002559090942,1
2000002560998554,1
2000002561016612,1
2000002563523672,1
2000002563525722,1
2000002565803867,1
2000002565806408,1
2000002565998459,1
2000002566005140,1
2000002569109412,1
2000002569116262,1
2000002569123868,1
2000002569125013,1
2000002569208645,1
2000002569224661,1
2000002569225229,1
2000002572517414,1
2000002572837504,1
2000002574200020,1
2000002574205804,1
2000002574209122,1
2000002574212795,1
2000002574299403,1
2000002574303827,1
2000002574305725,1
2000002574306111,1
2000002576302898,1
2000002576397554,1
2000002576513731,1
2000002576533511,1
2000002576547174,1
2000002576561353,1
2000002576565093,1
2000002576569368,1
2000002576573582,1
2000002576573686,1
2000002576574007,1
2000002576580417,1
2000002576584703,1
2000002576589908,1
2000002576649497,1
2000002576662198,1
2000002576669359,1
2000002576673659,1
2000002576680722,1
2000002576746439,1
2000002576899671,1
2000002577003178,1
2000002577058152,1
2000002577678195,1
2000002584104706,1
2000002584124856,1
2000002584152289,1
2000002584168641,1
2000002584172924,1
2000002584719347,1
2000002585398913,1
2000002585405451,1
2000002585422118,1
2000002585426822,1
2000002585428653,1
2000002585437897,1
2000002585449007,1
2000002585452702,1
2000002585462394,1
2000002585481909,1
2000002585482468,1
2000002585700557,1
2000002585707112,1
2000002585725540,1
2000002585734397,1
2000002585734488,1
2000002585743021,1
2000002585743947,1
2000002585745481,1
2000002585752665,1
2000002585752976,1
2000002585761751,1
2000002585764041,1
2000002585767969,1
2000002585769977,1
2000002585771136,1
2000002585771974,1
2000002585788966,1
2000002585793168,1
2000002596011140,1
2000002596037112,1
2000002596398217,1
2000002596398697,1
2000002596410912,1
2000002596433479,1
2000002596434594,1
2000002596434771,1
2000002596453496,1
2000002596455734,1
2000002596456821,1
2000002596457725,1
2000002596458531,1
2000002596460057,1
2000002596460118,1
2000002596465722,1
2000002596471305,1
2000002596477369,1
2000002596477514,1
2000002596479913,1
2000002596479988,1
2000002596481303,1
2000002596484815,1
2000002596493401,1
2000002596493862,1
2000002596496703,1
2000002596497063,1
2000002596497322,1
2000002596501570,1
2000002596513756,1
2000002596529658,1
2000002596535844,1
2000002596535975,1
2000002596536246,1
2000002596536742,1
2000002596536768,1
2000002596537337,1
2000002596540804,1
2000002596545796,1
2000002596557621,1
2000002596557802,1
2000002596557974,1
2000002596558071,1
2000002596559869,1
2000002596560454,1
2000002596561131,1
2000002596564244,1
2000002596564382,1
2000002596567257,1
2000002596567492,1
2000002596569506,1
2000002596569796,1
2000002596571012,1
2000002596571406,1
2000002596572887,1
2000002596573634,1
2000002596574714,1
2000002596576879,1
2000002596578096,1
2000002596578417,1
2000002596578419,1
2000002596578430,1
2000002596578437,1
2000002596578513,1
2000002596578581,1
2000002596578668,1
2000002596578767,1
2000002596590418,1
2000002601998387,1
2000002603912531,1
2000002606644059,1
2000002606999374,1
2000002606999893,1
2000002607005371,1
2000002607006161,1
2000002607007958,1
2000002607030854,1
2000002607034145,1
2000002607035543,1
2000002607041320,1
2000002607058076,1
2000002607059515,1
2000002607060227,1
2000002607076359,1
2000002607082230,1
2000002607083674,1
2000002607088455,1
2000002607090811,1
2000002607460526,1
2000002607656007,1
2000002607705323,1
2000002607706295,1
2000002607713957,1
2000002607719217,1
2000002607719931,1
2000002607720097,1
2000002607724058,1
2000002607724204,1
2000002607724836,1
2000002607726399,1
2000002607731391,1
2000002607743031,1
2000002607744812,1
2000002607761398,1
2000002607770590,1
2000002607771214,1
2000002607778678,1
2000002607781978,1
2000002607788574,1
2000002610018142,1
2000002613040317,1
2000002619684655,1
2000002621095647,1
2000002621098845,1
2000002621434731,1
2000002621450211,1
2000002621454200,1
2000002621895272,1
2000002621900048,1
2000002621910841,1
2000002621911872,1
2000002621926311,1
2000002621999181,1
2000002622009146,1
2000002622010546,1
2000002622012577,1
2000002622013202,1
2000002622013590,1
2000002622013987,1
2000002622016486,1
2000002622019300,1
2000002624799313,1
2000002625092838,1
2000002625189515,1
2000002625266729,1
2000002625385639,1
2000002625697550,1
2000002625698094,1
2000002625710907,1
2000002625741113,1
2000002625741502,1
2000002625743869,1
2000002625746526,1
2000002625748258,1
2000002625753816,1
2000002625996530,1
2000002626004740,1
2000002626005029,1
2000002626010247,1
2000002626019079,1
2000002627072799,1
2000002632596272,1
2000002632716506,1
2000002632728980,1
2000002632895713,1
2000002632899284,1
2000002633052979,1
2000002633512257,1
2000002633514809,1
2000002633516025,1
2000002633516299,1
2000002633516427,1
2000002633517077,1
2000002633517614,1
2000002633517787,1
2000002633517819,1
2000002633517948,1
2000002633518811,1
2000002633519567,1
2000002633519955,1
2000002633521963,1
2000002633522768,1
2000002633523857,1
2000002633527468,1
2000002633527720,1
2000002633528420,1
2000002633528731,1
2000002633529721,1
2000002633531368,1
2000002633533099,1
2000002633534851,1
2000002633538317,1
2000002633540876,1
2000002633546130,1
2000002633547145,1
2000002633547314,1
2000002633548038,1
2000002633548753,1
2000002633551272,1
2000002633558246,1
2000002633559295,1
2000002633605294,1
2000002633608202,1
2000002633609634,1
2000002633609915,1
2000002633615591,1
2000002633616132,1
2000002633616361,1
2000002633616449,1
2000002633616551,1
2000002633616697,1
2000002633616979,1
2000002633617315,1
2000002633617355,1
2000002633617771,1
2000002633618424,1
2000002633618608,1
2000002633619506,1
2000002633619584,1
2000002633620677,1
2000002633621263,1
2000002633622350,1
2000002633623846,1
2000002633624687,1
2000002633624736,1
2000002633624947,1
2000002633626830,1
2000002633627587,1
2000002633628679,1
2000002633629259,1
2000002633630083,1
2000002633630667,1
2000002633631054,1
2000002633631131,1
2000002633631602,1
2000002633647900,1
2000002633648373,1
2000002633649350,1
2000002633650826,1
2000002633654870,1
2000002633656791,1
2000002633889537,1
2000002633988533,1
2000002638158672,1
2000002642295671,1
2000002642295930,1
2000002643016450,1
2000002645497174,1
2000002645502991,1
2000002645507259,1
2000002645510479,1
2000002645512511,1
2000002645513243,1
2000002645514525,1
2000002645516251,1
2000002645517146,1
2000002645522323,1
2000002645523550,1
2000002645528151,1
2000002645535197,1
2000002645543530,1
2000002645544786,1
2000002645544896,1
2000002645549456,1
2000002645554410,1
2000002645554582,1
2000002645555760,1
2000002645556264,1
2000002645557961,1
2000002645601010,1
2000002645619176,1
2000002645619401,1
2000002645626926,1
2000002645634470,1
2000002645645872,1
2000002645647123,1
2000002645649960,1
2000002645653972,1
2000002645662916,1
2000002645663628,1
2000002645664226,1
2000002645664257,1
2000002645970990,1
2000002646834106,1
2000002648005751,1
2000002648015950,1
2000002649205520,1
2000002649346491,1
2000002650288776,1
2000002650506170,1
2000002650557192,1
2000002650997218,1
2000002651895288,1
2000002651905728,1
2000002651911653,1
2000002651915983,1
2000002651916484,1
2000002651922048,1
2000002651922835,1
2000002651922923,1
2000002651928801,1
2000002651942914,1
2000002651945402,1
2000002651946366,1
2000002651951919,1
2000002651956291,1
2000002651965883,1
2000002651967996,1
2000002651975516,1
2000002651978693,1
2000002651981451,1
2000002651982485,1
2000002651984325,1
2000002651984935,1
2000002651985187,1
2000002651986342,1
2000002651995263,1
2000002652021403,1
2000002652023741,1
2000002652025924,1
2000002652033245,1
2000002652045488,1
2000002652045817,1
2000002652057160,1
2000002652070425,1
2000002652075514,1
2000002652078967,1
2000002652083871,1
2000002652395937,1
2000002656899653,1
2000002656933869,1
2000002657049141,1
2000002657367055,1
2000002657546071,1
2000002658207373,1
2000002658798724,1
2000002658804771,1
2000002658813255,1
2000002658814494,1
2000002658815256,1
2000002658817177,1
2000002658818325,1
2000002658819385,1
2000002658819825,1
2000002658820995,1
2000002658826578,1
2000002658840538,1
2000002658842829,1
2000002658844141,1
2000002658898253,1
2000002658909163,1
2000002658911877,1
2000002658914035,1
2000002658918619,1
2000002658918684,1
2000002658923499,1
2000002658933138,1
2000002658939257,1
2000002658943093,1
2000002658943317,1
2000002659434706,1
2000002659564126,1
2000002663676092,1
2000002663877466,1
2000002664231565,1
2000002664326724,1
2000002667695439,1
2000002667695476,1
2000002667695691,1
2000002667797120,1
2000002667797428,1
2000002668697309,1
2000002668995787,1
2000002668995986,1
2000002668997529,1
2000002668997532,1
2000002669097806,1
2000002669320168,1
2000002669629601,1
2000002670497264,1
2000002670498490,1
2000002670499000,1
2000002670515450,1
2000002670522588,1
2000002670522958,1
2000002670527326,1
2000002670528358,1
2000002670528384,1
2000002670528611,1
2000002670528924,1
2000002670550893,1
2000002670552439,1
2000002670557143,1
2000002670557317,1
2000002670557321,1
2000002670557629,1
2000002670558590,1
2000002670559089,1
2000002670560796,1
2000002670562111,1
2000002670596450,1
2000002670600711,1
2000002670613397,1
2000002670616054,1
2000002670616721,1
2000002670618713,1
2000002670618877,1
2000002670619543,1
2000002670622051,1
2000002670624348,1
2000002670624351,1
2000002670624984,1
2000002670628033,1
2000002670629141,1
2000002670650613,1
2000002670653726,1
2000002670654491,1
2000002670654847,1
2000002670655760,1
2000002670659924,1
2000002670660110,1
2000002670660437,1
2000002670660472,1
2000002670660549,1
2000002670661655,1
2000002670662579,1
2000002671429687,1
2000002674000074,1
2000002674297756,1
2000002675633065,1
2000002680707389,1
2000002680795323,1
2000002681096681,1
2000002681105254,1
2000002681123186,1
2000002681702763,1
2000002681703791,1
2000002681708548,1
2000002681711813,1
2000002681720814,1
2000002681728442,1
2000002681729591,1
2000002681731463,1
2000002681737511,1
2000002681739178,1
2000002681742469,1
2000002681742489,1
2000002681753294,1
2000002681765764,1
2000002681766822,1
2000002681772242,1
2000002681797376,1
2000002681798782,1
2000002681802453,1
2000002681806543,1
2000002681809664,1
2000002681814123,1
2000002681819210,1
2000002681819372,1
2000002681822261,1
2000002681825807,1
2000002681842082,1
2000002681842795,1
2000002681851525,1
2000002681857155,1
2000002681860323,1
2000002681861010,1
2000002681867017,1
2000002681869390,1
2000002681870322,1
2000002681877437,1
2000002681884674,1
2000002681888804,1
2000002681889527,1
2000002681890496,1
2000002681890795,1
2000002685195221,1
2000002685304913,1
2000002685336537,1
2000002688817801,1
2000002688922111,1
2000002689078176,1
2000002689181429,1
2000002690009952,1
2000002690096951,1
2000002690100431,1
2000002690102010,1
2000002690110267,1
2000002690118491,1
2000002690120511,1
2000002690122855,1
2000002690123134,1
2000002690124495,1
2000002690125954,1
2000002690126629,1
2000002690128249,1
2000002690129981,1
2000002690131274,1
2000002690131481,1
2000002690132382,1
2000002690133617,1
2000002690134599,1
2000002690145609,1
2000002690146811,1
2000002690151304,1
2000002690155793,1
2000002690156174,1
2000002690156225,1
2000002690156885,1
2000002690156935,1
2000002690158580,1
2000002690160442,1
2000002690160450,1
2000002690160714,1
2000002690161156,1
2000002690161642,1
2000002690161984,1
2000002690163279,1
2000002690167255,1
2000002690174087,1
2000002690175407,1
2000002690180443,1
2000002690181233,1
2000002690183067,1
2000002690185456,1
2000002690192492,1
2000002690194221,1
2000002690417696,1
2000002690417979,1
2000002690418369,1
2000002690418904,1
2000002690426637,1
2000002690426832,1
2000002690427193,1
2000002690428204,1
2000002690428271,1
2000002690430319,1
2000002690438479,1
2000002690443533,1
2000002690445549,1
2000002690452329,1
2000002690453427,1
2000002690455083,1
2000002690455662,1
2000002690456862,1
2000002690460056,1
2000002690463631,1
2000002690472772,1
2000002690475371,1
2000002690487832,1
2000002690491480,1
2000002693924281,1
2000002694053539,1
2000002696398375,1
2000002701505522,1
2000002702078937,1
2000002702447635,1
2000002704997256,1
2000002711196594,1
2000002711198440,1
2000002711200692,1
2000002711201930,1
2000002711208516,1
2000002711218775,1
2000002711220351,1
2000002711227303,1
2000002711231059,1
2000002711295886,1
2000002711297970,1
2000002711313023,1
2000002711321667,1
2000002711322921,1
2000002711323452,1
2000002713771998,1
2000002713773625,1
2000002713871527,1
2000002717703322,1
2000002717709256,1
2000002718008399,1
2000002718016569,1
2000002718029101,1
2000002718029880,1
2000002718030389,1
2000002718033210,1
2000002718039000,1
2000002718039120,1
2000002718039945,1
2000002718051196,1
2000002718057117,1
2000002718059215,1
2000002718065469,1
2000002718099920,1
2000002718114065,1
2000002718130509,1
2000002718130960,1
2000002718131429,1
2000002718132728,1
2000002718156748,1
2000002718161315,1
2000002718162850,1
2000002718178284,1
2000002718184678,1
2000002718187335,1
2000002718187683,1
2000002718187807,1
2000002718188968,1
2000002718190470,1
2000002718191361,1
2000002718192170,1
2000002718193990,1
2000002718194794,1
2000002718303253,1
2000002721468651,1
2000002721475152,1
2000002728134079,1
2000002728139674,1
2000002731796021,1
2000002731796256,1
2000002731814521,1
2000002731821953,1
2000002731822805,1
2000002731828206,1
2000002731828675,1
2000002731829549,1
2000002731830527,1
2000002732597542,1
2000002732597902,1
2000002732620833,1
2000002732621656,1
2000002732626553,1
2000002732627081,1
2000002732628633,1
2000002732629305,1
2000002733556090,1
2000002733632762,1
2000002738495839,1
2000002738496660,1
2000002738506122,1
2000002738512208,1
2000002738599646,1
2000002738602366,1
2000002738605963,1
2000002738606157,1
2000002738606411,1
2000002738612768,1
2000002738613003,1
2000002738615393,1
2000002738618408,1
2000002738619970,1
2000002738621152,1
2000002738621359,1
2000002738621903,1
2000002738622667,1
2000002738623837,1
2000002738627516,1
2000002738629770,1
2000002738630681,1
2000002738651775,1
2000002738652864,1
2000002738658248,1
2000002738662357,1
2000002738662557,1
2000002738666725,1
2000002739896841,1
2000002739897829,1
2000002739902704,1
2000002739903472,1
2000002739904038,1
2000002739906985,1
2000002739915854,1
2000002739919671,1
2000002739927347,1
2000002739928863,1
2000002739936575,1
2000002739942320,1
2000002739942855,1
2000002740106177,1
2000002740195738,1
2000002740202199,1
2000002744603556,1
2000002744628351,1
2000002749197648,1
2000002749201515,1
2000002749202517,1
2000002749206513,1
2000002749211641,1
2000002749213492,1
2000002749225206,1
2000002749226011,1
2000002749230619,1
2000002749231461,1
2000002749295220,1
2000002749296879,1
2000002749299064,1
2000002749301047,1
2000002749306253,1
2000002749316769,1
2000002749319874,1
2000002749321520,1
2000002749322407,1
2000002749324665,1
2000002752800872,1
2000002752802329,1
2000002752802783,1
2000002752832001,1
2000002752833344,1
2000002752838774,1
2000002752846143,1
2000002752846654,1
2000002752847276,1
2000002752866787,1
2000002752893393,1
2000002753003937,1
2000002753202333,1
2000002753202500,1
2000002753205726,1
2000002753206808,1
2000002753211391,1
2000002753213733,1
2000002753214279,1
2000002753214488,1
2000002753221014,1
2000002753223189,1
2000002753223245,1
2000002753240078,1
2000002753240549,1
2000002753265278,1
2000002753268082,1
2000002753279520,1
2000002753281024,1
2000002753289094,1
2000002753291917,1
2000002753293860,1
2000002755927099,1
2000002756001728,1
2000002756188803,1
2000002756224310,1
2000002760743217,1
2000002763400275,1
2000002763406342,1
2000002763407706,1
2000002763408589,1
2000002763410148,1
2000002763442575,1
2000002763444248,1
2000002763445291,1
2000002763445896,1
2000002763447559,1
2000002763447702,1
2000002763447900,1
2000002763458736,1
2000002763459021,1
2000002763461034,1
2000002763462795,1
2000002763464007,1
2000002763467233,1
2000002763467420,1
2000002763467849,1
2000002763470213,1
2000002763474420,1
2000002763478202,1
2000002763478427,1
2000002763480084,1
2000002763480436,1
2000002763481455,1
2000002763481710,1
2000002763484744,1
2000002763488271,1
2000002763506157,1
2000002763506213,1
2000002763524568,1
2000002763527946,1
2000002763531471,1
2000002763542064,1
2000002763544436,1
2000002763550175,1
2000002763559929,1
2000002763562615,1
2000002763563054,1
2000002763564494,1
2000002763569273,1
2000002763572165,1
2000002763580890,1
2000002763589796,1
2000002763590320,1
2000002763591755,1
2000002766502240,1
2000002772669575,1
2000002772741778,1
2000002775201812,1
2000002775216973,1
2000002775226300,1
2000002775297460,1
2000002775300198,1
2000002775301821,1
2000002775305506,1
2000002775311095,1
2000002775326066,1
2000002775330067,1
2000002775333004,1
2000002775333244,1
2000002775335747,1
2000002775343633,1
2000002775345040,1
2000002775355526,1
2000002775372347,1
2000002775372970,1
2000002775374466,1
2000002775380570,1
2000002775380741,1
2000002775385131,1
2000002775390497,1
2000002775396719,1
2000002775397045,1
2000002775398122,1
2000002775409873,1
2000002775427555,1
2000002775432294,1
2000002775432835,1
2000002775433080,1
2000002775434613,1
2000002775435868,1
2000002775440343,1
2000002775442201,1
2000002775465035,1
2000002775472797,1
2000002775473844,1
2000002775493101,1
2000002775636058,1
2000002775795217,1
2000002779092536,1
2000002780903793,1
2000002780906135,1
2000002781508924,1
2000002781522393,1
2000002781539759,1
2000002781547742,1
2000002781549121,1
2000002781586193,1
2000002781595384,1
2000002781622637,1
2000002781654573,1
2000002781680132,1
2000002781693290,1
2000002781695086,1
2000002781727612,1
2000002782590849,1
2000002782795211,1
2000002783503552,1
2000002783517724,1
2000002783520814,1
2000002783614404,1
2000002783949892,1
2000002787662710,1
2000002787909362,1
2000002787918714,1
2000002787925192,1
2000002788115899,1
2000002788125204,1
2000002789597336,1
2000002789599700,1
2000002790416042,1
2000002790419350,1
2000002790602954,1
2000002790623034,1
2000002791948312,1
2000002792180110,1
2000002792238733,1
2000002792595645,1
2000002792598790,1
2000002792897883,1
2000002792898149,1
2000002792898987,1
2000002792899086,1
2000002793797411,1
2000002793822963,1
2000002793823082,1
2000002793825684,1
2000002793825926,1
2000002793826070,1
2000002793826178,1
2000002793826420,1
2000002793827649,1
2000002793828496,1
2000002793848015,1
2000002793854463,1
2000002793873143,1
2000002794001467,1
2000002794002134,1
2000002794012351,1
2000002794013246,1
2000002794022547,1
2000002794024838,1
2000002794025671,1
2000002794026972,1
2000002794027331,1
2000002794029378,1
2000002794030464,1
2000002794042233,1
2000002794047592,1
2000002794057045,1
2000002794057781,1
2000002794059233,1
2000002794077553,1
2000002797476668,1
2000002797518896,1
2000002804295228,1
2000002804398972,1
2000002804403995,1
2000002807599237,1
2000002807599832,1
2000002807611427,1
2000002808016981,1
2000002808161599,1
2000002810096157,1
2000002810097661,1
2000002810196911,1
2000002810208239,1
2000002810213877,1
2000002810237363,1
2000002810244335,1
2000002810247376,1
2000002810248435,1
2000002810248628,1
2000002810249515,1
2000002810307420,1
2000002810307637,1
2000002810311247,1
2000002810313252,1
2000002810329004,1
2000002810340189,1
2000002810345358,1
2000002810347492,1
2000002810347983,1
2000002814006574,1
2000002816596338,1
2000002818996512,1
2000002818996516,1
2000002818997511,1
2000002819015255,1
2000002819023651,1
2000002819039567,1
2000002819104369,1
2000002819104646,1
2000002819107474,1
2000002819108392,1
2000002819108963,1
2000002819111888,1
2000002819113703,1
2000002819114592,1
2000002819115034,1
2000002819115364,1
2000002819120822,1
2000002819124136,1
2000002819130308,1
2000002819135581,1
2000002819140430,1
2000002819141634,1
2000002822611641,1
2000002823297922,1
2000002823321500,1
2000002823343503,1
2000002823417806,1
2000002824313881,1
2000002828795862,1
2000002828796050,1
2000002828796560,1
2000002828819722,1
2000002828912188,1
2000002828921661,1
2000002828925515,1
2000002830430055,1
2000002835395230,1
2000002835397989,1
2000002835398850,1
2000002835418086,1
2000002835423097,1
2000002835426597,1
2000002835429504,1
2000002835430313,1
2000002835443555,1
2000002835450990,1
2000002835453549,1
2000002835457796,1
2000002835463717,1
2000002835466285,1
2000002835475793,1
2000002835606235,1
2000002835635886,1
2000002835638786,1
2000002835674690,1
2000002844574153,1
2000002848799742,1
2000002848805910,1
2000002848806091,1
2000002848806119,1
2000002848807341,1
2000002848816876,1
2000002848906138,1
2000002848906188,1
2000002848908010,1
2000002848910915,1
2000002848912403,1
2000002848913435,1
2000002848917235,1
2000002848918452,1
2000002849348845,1
2000002853296982,1
2000002853301737,1
2000002853306967,1
2000002853308370,1
2000002853405720,1
2000002853409825,1
2000002853603801,1
2000002857698057,1
2000002859495718,1
2000002859498666,1
2000002859517456,1
2000002859529187,1
2000002859531899,1
2000002859539314,1
2000002859795494,1
2000002859796783,1
2000002859797763,1
2000002859798349,1
2000002859816368,1
2000002859822765,1
2000002859827657,1
2000002859836747,1
2000002859839946,1
2000002859842834,1
2000002859862961,1
2000002860031839,1
2000002861312389,1
2000002865408834,1
2000002866731982,1
2000002869918872,1
2000002869931936,1
2000002869948633,1
2000002869948739,1
2000002869957119,1
2000002869958989,1
2000002870007297,1
2000002870014189,1
2000002870022938,1
2000002870025823,1
2000002870034226,1
2000002870040802,1
2000002870066639,1
2000002870078141,1
2000002870093610,1
2000002870093678,1
2000002870302930,1
2000002870666768,1
2000002870684206,1
2000002873823050,1
2000002874071409,1
2000002876806997,1
2000002880596947,1
2000002880598812,1
2000002880606553,1
2000002880618083,1
2000002880622240,1
2000002880624847,1
2000002880805585,1
2000002880807446,1
2000002880814428,1
2000002880817287,1
2000002881408468,1
2000002881588753,1
2000002885002040,1
2000002885395970,1
2000002885427739,1
2000002885496069,1
2000002885496693,1
2000002885740866,1
2000002890098184,1
2000002890101360,1
2000002890101685,1
2000002890201585,1
2000002890398113,1
2000002891095776,1
2000002892096326,1
2000002892097197,1
2000002892196495,1
2000002895196176,1
2000002895199063,1
2000002896203333,1
2000002896209602,1
2000002896220949,1
2000002896230162,1
2000002896235173,1
2000002896249020,1
2000002896258952,1
2000002896260778,1
2000002896296991,1
2000002896328612,1
2000002896344289,1
2000002896359428,1
2000002896362423,1
2000002896366633,1
2000002897329594,1
2000002900595294,1
2000002900604459,1
2000002901792544,1
2000002905953345,1
2000002906054702,1
2000002906097038,1
2000002909202462,1
2000002911942335,1
2000002911998658,1
2000002912012123,1
2000002912042956,1
2000002918511220,1
2000002919299716,1
2000002919554436,1
2000002920417537,1
2000002920898387,1
2000002923320870,1
2000002923324070,1
2000002923328262,1
2000002923331319,1
2000002923404657,1
2000002923417577,1
2000002923421494,1
2000002923423835,1
2000002923424996,1
2000002923432992,1
2000002923535043,1
2000002923646275,1
2000002926402085,1
2000002926411004,1
2000002926414349,1
2000002926426175,1
2000002926499033,1
2000002926504950,1
2000002926505937,1
2000002926511752,1
2000002926515067,1
2000002926526325,1
2000002926526551,1
2000002926527494,1
2000002927795364,1
2000002927795526,1
2000002928201595,1
2000002928201787,1
2000002928206066,1
2000002928211021,1
2000002928235040,1
2000002928235080,1
2000002928236203,1
2000002928239048,1
2000002928243676,1
2000002928247019,1
2000002928249852,1
2000002928263506,1
2000002928276683,1
2000002928282750,1
2000002928286583,1
2000002928298151,1
2000002928306796,1
2000002928319002,1
2000002928319993,1
2000002928332231,1
2000002928336652,1
2000002928336740,1
2000002928337389,1
2000002928345334,1
2000002928346287,1
2000002928355041,1
2000002928362137,1
2000002928374614,1
2000002928384475,1
2000002928387793,1
2000002928387872,1
2000002928390203,1
2000002929087950,1
2000002931406208,1
2000002931413106,1
2000002931441720,1
2000002931467867,1
2000002931468144,1
2000002931472189,1
2000002931495672,1
2000002931501426,1
2000002931512391,1
2000002931513421,1
2000002931525391,1
2000002931529649,1
2000002931529877,1
2000002931530183,1
2000002931534354,1
2000002931543260,1
2000002931547553,1
2000002931548845,1
2000002931549920,1
2000002931555797,1
2000002931571426,1
2000002931584375,1
2000002932936784,1
2000002934525363,1
2000002935211371,1
2000002935212178,1
2000002935212391,1
2000002935308725,1
2000002935309862,1
2000002936044484,1
2000002936295963,1
2000002937095555,1
2000002937995625,1
2000002937995746,1
2000002937996567,1
2000002938008426,1
2000002938018708,1
2000002938026464,1
2000002938034261,1
2000002938099434,1
2000002938101265,1
2000002938112643,1
2000002938518014,1
2000002939197582,1
2000002939203725,1
2000002939227181,1
2000002939313365,1
2000002939323283,1
2000002939327614,1
2000002940220142,1
2000002940317890,1
2000002941209916,1
2000002941212854,1
2000002943617210,1
2000002943810189,1
